claim_id,claim,theorem_or_lemma,proof_or_checker,source_or_test,experiment,figure_or_table,raw_result,maturity,fresh_recheck,scope_and_limit
unlimited-pair-criterion,Unlimited reset permits identification iff every rooted pair is inequivalent; any unlimited-reset ambiguity contains a size-two equivalent pair support,Proposition 3.1; proofs/theorems.md section 2,src/checker.py check_pair; src/solver.py pair_witness,tests/oracles.py unary_depth; copied-hypothesis controls,680 unary families at zero and unlimited reset plus retained duplicate controls,,results/unary_oracle.json; results/certificates/,Proved classical baseline; finite-checked,2026-09-25 targeted boundary recheck,Total deterministic known family; reliable identity-preserving reset; not claimed as novelty
exact-game-ranks,Complete rank/trap checks certify exact minimum action depth or impossibility,Proposition 3.2; Theorem 3.3; proofs/theorems.md section 3,src/checker.py check_rank; src/solver.py solve,All retained games; unary and differential oracles; rank mutations,"2,084 exact games in retained generation",Table 2,results/summary.json; results/certificates/,Proved; finite-checked,2026-09-25 --check reproduction and direct certificate check,Full reachable game required; cap breach yields unknown; not proof-assistant verification
fixed-identity-trap,A losing trap supports an adversarial path with a fixed compatible hidden identity,Section 3.2; proofs/theorems.md section 3,Nested belief supports and finite-path argument; src/checker.py,"Identity-preservation, reset-layer, successor-closure, and terminal mutations",Directed negative controls,,results/mutation_results.json,Proved; finite-checked guards,2026-09-25 mutation recheck,Does not assert that one rooted pair explains every first action under a finite reset budget
one-shot-normal-form,"For non-singletons, r resets correspond to at most r+1 useful queries; a t-query optimum has action depth 2t-1",Lemma 4.1; proofs/theorems.md section 4,src/generators.py one_shot; tests/oracles.py table_depth,"Threshold, private-pair, graph, and antichain controls",Bounded finite validation,Table 2,results/main_results.json; results/antichain_oracle.json,Proved; finite-checked,2026-09-25 auxiliary finite recheck,Only one useful response per epoch; singleton depth is zero
ambiguity-antichain,Action-wise unions of block-contained prior obstructions generate the next minimal losing supports,Proposition 4.2; proofs/theorems.md section 4,src/obstructions.py antichains; tests/oracles.py table_depth,36 comparisons on nine one-shot families and 815 independently solved supports,Exact tiny-domain comparison,Table 2,results/antichain_oracle.json,Proved; finite-checked,2026-09-25 auxiliary finite recheck,May require exponentially many unions; no polynomial-time enumeration claim
one-pair-forced-union,"Without an injective test, one collision pair per test gives a unique inclusion-minimal support",Proposition 5.1; proofs/theorems.md section 5,Direct collision argument; src/obstructions.py cover_transform,"Private-pair constructions for m=2,3 plus an m=1 software negative control; antichain cases",Bounded finite validation,,results/main_results.json; results/antichain_oracle.json,Proved; finite-checked,2026-09-25 targeted proof and guard recheck,Every nonsingleton observation block has size exactly two; nonempty test set; one reset identifies the private-pair family only for m>=2
two-pair-cover,At most two collision pairs per test gives exactly mu_0(H)=|F|+tau(G_T),Theorem 5.2; proofs/theorems.md section 5,src/obstructions.py cover_transform; tests/oracles.py covers,"All 71 labeled graphs with at least one edge on 2–4 vertices and all 4,201 nonempty supports",284 selected full-game checks in addition to direct predicates,Figure 1; Table 2,results/graph_oracle.json,Proved; exhaustively finite-checked on declared graph domain,2026-09-25 graph-domain and auxiliary finite recheck,Injective tests handled separately; at most two disjoint pair blocks
bounded-pair-hypergraph,At most p disjoint collision pairs per test yields exactly a rank-p hypergraph-transversal problem,Proposition 5.3; proofs/theorems.md section 5,Monotone DNF-to-CNF distributivity and hitting-set equivalence,"Four rank-three fixtures; direct collision DNF, transversal CNF, and game predicates",252 exhaustive supports and 12 full-game spots,Table 2,results/hypergraph_oracle.json,Proved; rank-three finite-checked,2026-09-25 auxiliary finite recheck,"One-shot, zero reset; every nonsingleton block is a disjoint pair"
bounded-pair-fpt,The explicit bounded-pair support problem is decidable in O(p^k 2^p |A| poly(|H|+|A|)),Consequence after Proposition 5.3; proofs/theorems.md section 5,Standard branch-on-an-uncovered-hyperedge search plus explicit hypergraph construction bound,Mathematical consequence of bounded rank and at most 2^p|A| generated hyperedges,No performance experiment claimed,,,Proved algorithmic consequence,2026-09-25 proof synchronization,"FPT in k+p, and in k for fixed p; not for arbitrary stateful machines or enumeration of all minimal transversals"
reverse-reduction,Minimum zero-reset support is NP-complete despite an exact next-budget strategy of depth three,Theorem 5.4; proofs/theorems.md section 6,src/generators.py graph_family; polynomial reduction in proof,Classical vertex-cover hardness and graph oracle,"71 graph constructions, all supports, and one-reset depth checks",Figure 1; Table 2,results/graph_oracle.json,Proved using established NP-completeness; finite-checked construction,2026-09-25 edge-domain and reduction recheck,Two-state one-shot tables; general binary-machine NP membership is not claimed; no priority guarantee
binary-budget-preservation,"Serialization preserves identification for every support and finite or unlimited reset budget, but not ordinary-action depth",Theorem 6.1; proofs/theorems.md section 7,src/generators.py binary_encode; bidirectional simulation proof,"188 zero-reset support comparisons and 18 comparisons at budgets 1, 2, and unlimited",Four encoded graph shapes,Figure 2; Table 2,results/binary_oracle.json; results/main_results.json,Proved; selected finite-checked cases,2026-09-25 proof and auxiliary finite recheck,"Partial reads, aborts, invalid selectors, and early reset covered; asymptotic machines may exceed executable cap"
sharp-one-shot-arity,"For finite r in N_0, every inclusion-minimal support has size at most q^(r+1)+1, and interval tests attain the bound",Theorem 6.2; proofs/theorems.md section 8,Capacity and recursive interval-partition proofs,"Threshold sizes 3, 5, and 9; antichain/tree checks",Selected finite validation,Table 2,results/antichain_oracle.json,Proved; selected finite-checked cases,2026-09-25 finite-budget statement recheck,"q>=2; finite reset budget; one-shot outcomes, not individual binary symbols within a stateful epoch"
unbounded-binary-arity,"For each fixed finite r in N_0, no bound depending only on r exists for minimum or inclusion-minimal binary stateful ambiguity supports; unlimited-reset ambiguity has a size-two pair support",Corollary 6.3; proofs/theorems.md section 8,Sharp interval construction composed with binary preservation,Proof composition,No finite extrapolation claimed,,,Proved mathematically,2026-09-25 finite/unlimited boundary recheck,State spaces grow with the construction; no claim at fixed implementation dimensions; the unboundedness claim excludes r=infinity
main-fixture-outcomes,The 48 retained families split into 24 identified and 24 ambiguous cases,Section 7,reproduce.py; src/checker.py,inputs/catalog.json and 48 exact family files,Bounded finite validation,Table 2,results/main_results.csv; results/main_results.json,Measured finite checks,2026-09-25 48-packet binding/check reproduction,16 public-vocabulary fixtures are four relabeled semantic archetypes; no hardware traces
differential-depth-oracle,A separately implemented explicit-position Bellman oracle agrees on complete depth for 156 support-budget cases,Section 7,tests/oracles.py explicit_game_depth versus src/solver.py,"12 deterministic fixed-seed stateful families; budgets 0, 1, and unlimited","1,022 oracle positions and 1,503 oracle transitions",Table 2,results/differential_oracle.json; results/summary.json,Finite-checked; zero mismatches,2026-09-25 auxiliary finite recheck,Small fixed seeds and supports; not independent human implementation or statistical evidence
structural-oracle-coverage,"Graph, rank-three hypergraph, binary, unary, and antichain checks agree throughout their declared finite domains",Section 7,tests/oracles.py; src/obstructions.py; reproduce.py,"680 unary families; 4,201 graph supports; 252 rank-three supports; 206 binary comparisons; 36 antichain cases",Bounded exhaustive/selected domains,Table 2,results/unary_oracle.json; results/graph_oracle.json; results/hypergraph_oracle.json; results/binary_oracle.json; results/antichain_oracle.json,Finite-checked,2026-09-25 auxiliary finite recheck,Overlapping formal constructions; not representative workload breadth
negative-controls,All 36 directed certificate/model mutations and 12 malformed inputs are rejected; three deliberate caps return unknown,Section 7,tests/mutations.py; reproduce.py; producer and checker input validation,"Retained mutation definitions, malformed models/packets, and node/obligation/depth caps",Negative controls,Table 2,results/mutation_results.json; results/input_validation.json; results/summary.json,Finite-checked negative controls,2026-09-25 auxiliary finite recheck,Not a secure-parser claim and not an exhaustive mutation space
bounded-reproduction,"Retained generation completes 2,084 exact games with 18,377 charged solver positions and 100,183 charged transition/certificate obligations",Section 7,reproduce.py resource and semantic meters,Single-worker retained generation and clean-extraction check,Bounded formal campaign,,results/summary.json; results/resources.json; results/clean_reproduction.json; results/campaign_accounting.json,Measured with separately identified conservative charges,2026-09-25 POSIX/Linux --check reproduction,Sub-second retained timing is not scalability evidence; development exposure and cumulative charges are disclosed
bibliography-integrity,"The manuscript has 67 defined references, all 67 cited, with no padding and exact audit-key equality",Paper build gate,paper/check_references.py,paper/main.tex; paper/references.bib; artifact/reference_audit.csv,Static bibliographic validation,References,paper build stdout and generated main.bbl,Metadata/citation integrity checked,2026-09-25 final build,Does not imply every cited work was read in full or that the bibliography is exhaustive
full-paper-calibration,"Structured complete-text calibration covers 12 same-venue, 5 influential, and 6 adjacent-venue full papers",research-plan.md literature pattern matrix; proofs/literature-boundary.md,artifact/literature_census.csv group counts and version fields,21 unique full-text records; two intentional cross-cohort overlaps,Structured literature review,Related-work comparison table,literature_census.csv; reference_audit.csv; external_resources.csv,Complete for the stated census; version caveats disclosed,2026-09-17 row and group-count audit,"Supports scoped positioning, not universal priority, independent peer review, or acceptance prediction"
retained-main-packet-binding,Each retained main certificate is bound to the catalog reset budget and the full input-hypothesis support before producing a main result row,Section 7 artifact contract,reproduce.py bind_retained_main_packet; generic src/checker.py remains support-generic,48/48 retained packets; valid same-table cross-budget and strict-subset replacement packets,Entry-contract replacement guards,,results/runtime_reproduction.json,Finite-checked software contract,2026-09-25 fresh POSIX/Linux validation,"The pre-change read-only audit found no mismatch in the existing 48 packets; this repairs a latent entry-contract risk, not a known scientific-result error"
serializer-source-contract,The executable serializer rejects noncanonical source machines instead of discarding reusable fresh transitions,Theorem 6.1 one-shot premise; Section 7 regression checks,src/generators.py binary_encode; tests/test_serialization.py,Seven rejected inputs and all nonempty supports of threshold-three and single-edge families at four budgets,Four tests and 88 feasibility comparisons,,tests/test_serialization.py,Finite-checked input contract,2026-10-06 ordinary and optimized CPython 3.12.14 on Windows,Separate from retained scientific counts and historical Linux measurements; does not exercise POSIX resource limits
