name,url,license,access_date,resource_type,acquisition_method,integration_mode,supported_claim,internals_modified
Arthur Gill — State-Identification Experiments in Finite Automata,https://doi.org/10.1016/S0019-9958(61)80003-X,Not established for redistribution; reference/read only,2026-09-17,structured full-paper calibration source (same_venue),"Structured complete-text review of the 23-page publisher article: problem, experiment definitions, constructive cases, bounds, examples, closing discussion, and references. Version: 23-page publisher article.","Cited/compared only; no article text, code, or data integrated",Optimizes a successful experiment for one automaton; does not minimize a losing subfamily across known hypotheses.,no
Dana Angluin — Learning Regular Sets from Queries and Counterexamples,https://doi.org/10.1016/0890-5401(87)90052-6,Not established for redistribution; reference/read only,2026-09-17,structured full-paper calibration source (same_venue;influential),"Structured complete-text review of the full journal article: query model, observation-table invariants, closure/consistency arguments, counterexample processing, complexity, and discussion. Version: 20-page journal article.","Cited/compared only; no article text, code, or data integrated",Learns transition structure from a teacher; our family is explicit and the minimized object is a losing hypothesis subset.,no
Ronald L. Rivest and Robert E. Schapire — Inference of Finite Automata Using Homing Sequences,https://people.csail.mit.edu/rivest/pubs/RS93a.pdf,Not established for redistribution; reference/read only,2026-09-17,structured full-paper calibration source (same_venue),"Structured complete-text review of the 49-page author manuscript corresponding to the journal article: no-reset motivation, homing/diversity algorithms, lemmas, complexity, examples, and conclusions. Version: 49-page author manuscript corresponding to I&C 103(2).","Cited/compared only; no article text, code, or data integrated",Uses experiments to learn an unknown machine; our reset is explicit and our objective is a minimal negative support.,no
Oded Maler and Amir Pnueli — On the Learnability of Infinitary Regular Sets,https://www-verimag.imag.fr/~maler/Papers/learn.pdf,Not established for redistribution; reference/read only,2026-09-17,structured full-paper calibration source (same_venue),"Structured complete-text review of the 31-page complete author manuscript corresponding to the journal article: infinitary model, learning algorithm, proofs, counterexamples, and conclusion. Version: 31-page complete author manuscript corresponding to I&C 118(2).","Cited/compared only; no article text, code, or data integrated",Changes target languages and learning semantics; it does not select known candidates that preserve experiment failure.,no
"Paris C. Kanellakis and Scott A. Smolka — CCS Expressions, Finite State Processes, and Three Problems of Equivalence",https://doi.org/10.1016/0890-5401(90)90025-D,Not established for redistribution; reference/read only,2026-09-17,structured full-paper calibration source (same_venue;influential),"Structured complete-text review of the 26-page publisher article: three equivalences, partition-refinement algorithms, reductions, complexity arguments, and conclusion. Version: 26-page publisher article.","Cited/compared only; no article text, code, or data integrated",Our product relation is only an unlimited-reset ambiguity certificate; finite-reset supports are a different global object.,no
Dietmar Berwanger and Krishnendu Chatterjee and Martin De Wulf and Laurent Doyen and Thomas A. Henzinger — Strategy Construction for Parity Games with Imperfect Information,https://doi.org/10.1016/j.ic.2009.09.006,Not established for redistribution; reference/read only,2026-09-17,structured full-paper calibration source (same_venue),"Structured complete-text review of the complete journal article/extended version: imperfect-information model, antichain representation, strategy construction, correctness, complexity, and evaluation boundary. Version: complete journal article / extended version.","Cited/compared only; no article text, code, or data integrated",Solves a fixed game and synthesizes a strategy; our special one-shot recurrence also minimizes losing supports.,no
Jerry R. Burch and Edmund M. Clarke and Kenneth L. McMillan and David L. Dill and L. J. Hwang — Symbolic Model Checking: $10^20$ States and Beyond,https://doi.org/10.1016/0890-5401(92)90017-A,Not established for redistribution; reference/read only,2026-09-17,structured full-paper calibration source (same_venue),"Structured complete-text review of the 29-page complete author manuscript: symbolic fixed points, BDD representation, algorithms, examples, limitations, and conclusion. Version: 29-page complete author manuscript corresponding to I&C 98(2).","Cited/compared only; no article text, code, or data integrated",Our artifact intentionally enumerates bounded reachable beliefs and makes no symbolic-scalability claim.,no
Andr{\'e} Joyal and Mogens Nielsen and Glynn Winskel — Bisimulation from Open Maps,https://doi.org/10.1006/inco.1996.0057,Not established for redistribution; reference/read only,2026-09-17,structured full-paper calibration source (same_venue),"Structured complete-text review of the 45-page complete report corresponding to the journal article: open maps, path categories, bisimulation theorem, examples, and concluding discussion. Version: 45-page complete report corresponding to I&C 127(2).","Cited/compared only; no article text, code, or data integrated",Our checker uses a concrete finite product relation only for rooted pair equivalence; it claims no categorical generality.,no
Yoav Freund and Michael Kearns and Dana Ron and Ronitt Rubinfeld and Robert E. Schapire and Linda Sellie — Efficient Learning of Typical Finite Automata from Random Walks,https://www.schapire.net/papers/typical-automata.pdf,Not established for redistribution; reference/read only,2026-09-17,structured full-paper calibration source (same_venue),"Structured complete-text review of the 21-page author manuscript corresponding to the journal article: passive random-walk model, typical-label assumptions, algorithms, proofs, and discussion. Version: 21-page author manuscript corresponding to I&C 138(1).","Cited/compared only; no article text, code, or data integrated","Optimizes inference from sampled behavior, not the size of a known subfamily that defeats all actions.",no
Sicco E. Verwer and Mathijs M. de Weerdt and Cees Witteveen — The Efficiency of Identifying Timed Automata and the Power of Clocks,https://www.cs.ru.nl/~sicco/papers/infcomp11.pdf,Not established for redistribution; reference/read only,2026-09-17,structured full-paper calibration source (same_venue),"Structured complete-text review of the 32-page author manuscript corresponding to the journal article: timed-identification model, hardness, one-clock positive result, proofs, and conclusion. Version: 32-page author manuscript corresponding to I&C 209(3).","Cited/compared only; no article text, code, or data integrated",Our model has no clocks; reset-limited support complexity arises even in untimed total deterministic systems.,no
Frits Vaandrager and Masoud Ebrahimi and Roderick Bloem — Learning Mealy Machines with One Timer,https://doi.org/10.1016/j.ic.2023.105013,Not established for redistribution; reference/read only,2026-09-17,structured full-paper calibration source (same_venue),"Structured complete-text review of the complete author manuscript corresponding to the journal article: one-timer semantics, observation-table algorithm, termination/correctness, experiments, and limitations. Version: complete author manuscript corresponding to I&C 295.","Cited/compared only; no article text, code, or data integrated",Learns a timed machine using queries; it neither studies reset budgets as resources nor negative support size.,no
"Sebastian Berndt and Maciej Li{\'s}kiewicz and Matthias Lutter and R{\""u}diger Reischuk — Learning Residual Alternating Automata",https://eccc.weizmann.ac.il/report/2017/046/download/,Not established for redistribution; reference/read only,2026-09-17,structured full-paper calibration source (same_venue),"Structured complete-text review of the 26-page ECCC full version, cross-checked against the 2022 journal record: counterexample, AL** algorithm, residuality proofs, succinctness results, appendices, and discussion; exact journal typesetting was not available. Version: 26-page ECCC full version cross-checked to I&C 289 article.","Cited/compared only; no article text, code, or data integrated",Changes the learned automaton class and representation; our candidates are fixed and the selected object is a losing subset.,no
Laurent Hyafil and Ronald L. Rivest — Constructing Optimal Binary Decision Trees is NP-Complete,https://doi.org/10.1016/0020-0190(76)90095-8,Not established for redistribution; reference/read only,2026-09-17,structured full-paper calibration source (influential),"Structured complete-text review of the full three-page article: binary decision-tree objective, reduction, and NP-completeness conclusion. Version: 3-page journal article.","Cited/compared only; no article text, code, or data integrated",Optimizes a successful tree; our reduction makes the positive next-budget tree trivial while the smallest negative support is hard.,no
John H. Reif — The Complexity of Two-Player Games of Incomplete Information,https://doi.org/10.1016/0022-0000(84)90034-5,Not established for redistribution; reference/read only,2026-09-17,structured full-paper calibration source (influential),"Structured complete-text review of the full article: incomplete-information game model, alternating-space reductions, upper/lower bounds, and concluding implications. Version: full JCSS article.","Cited/compared only; no article text, code, or data integrated",Our finite reachability game is narrower and explicitly checked; support minimization is an extra outer optimization.,no
Richard M. Karp — Reducibility among Combinatorial Problems,https://link.springer.com/chapter/10.1007/978-1-4684-2001-2_9,Not established for redistribution; reference/read only,2026-09-17,structured full-paper calibration source (influential),"Structured complete-text review of the complete chapter: polynomial reducibility framework, 21 problems, reductions including vertex cover, and closing discussion. Version: complete 19-page book chapter.","Cited/compared only; no article text, code, or data integrated",Supplies classical vertex-cover hardness only; the experiment-system representation and depth separation are proved here.,no
Rajeev Alur and Costas Courcoubetis and Mihalis Yannakakis — Distinguishing Tests for Nondeterministic and Probabilistic Machines,https://doi.org/10.1145/225058.225161,Not established for redistribution; reference/read only,2026-09-17,structured full-paper calibration source (adjacent_venue),"Structured complete-text review of the full conference paper: nondeterministic/probabilistic distinguishing tests, complexity results, algorithms, and comparison to deterministic machines. Version: 10-page STOC paper.","Cited/compared only; no article text, code, or data integrated",We deliberately freeze deterministic exact observations; our novelty lies in reset-limited losing-support structure.,no
Martin De Wulf and Laurent Doyen and Thomas A. Henzinger and Jean-Fran{\c{c}}ois Raskin — Antichains: A New Algorithm for Checking Universality of Finite Automata,https://doi.org/10.1007/11817963_5,Not established for redistribution; reference/read only,2026-09-17,structured full-paper calibration source (adjacent_venue),"Structured complete-text review of the full conference paper: universality fixed point, antichain order, correctness, implementation, experiments, and limitations. Version: 14-page CAV paper.","Cited/compared only; no article text, code, or data integrated",Our antichain equation is exact only for fresh one-shot tables and is not a general universality algorithm.,no
Filippo Bonchi and Damien Pous — Checking NFA Equivalence with Bisimulations up to Congruence,https://doi.org/10.1145/2429069.2429124,Not established for redistribution; reference/read only,2026-09-17,structured full-paper calibration source (adjacent_venue),"Structured complete-text review of the full conference paper: bisimulation up to congruence, soundness, algorithms, examples, and evaluation. Version: 12-page POPL paper.","Cited/compared only; no article text, code, or data integrated",Our pair witness is a simple product bisimulation and cannot certify finite-reset global failure.,no
Frits Vaandrager and Bharat Garhewal and Jurriaan Rot and Thorsten Wi{\ss}mann — A New Approach for Active Automata Learning Based on Apartness,https://doi.org/10.1007/978-3-030-99524-9_12,Not established for redistribution; reference/read only,2026-09-17,structured full-paper calibration source (adjacent_venue),"Structured complete-text review of the full conference paper: apartness relation, learning algorithm, invariants, termination/correctness, and experiments. Version: 21-page TACAS paper.","Cited/compared only; no article text, code, or data integrated",Apartness proves successful separation while our supports prove that all available choices still fail under a budget.,no
"Uraz C. T{\""u}rker and H{\""u}sn{\""u} Yenig{\""u}n — Hardness and Inapproximability of Minimizing Adaptive Distinguishing Sequences",https://doi.org/10.1007/s10703-013-0187-3,Not established for redistribution; reference/read only,2026-09-17,structured full-paper calibration source (adjacent_venue),"Structured complete-text review of the full journal article: adaptive distinguishing sequence minimization, reductions, inapproximability, and boundary cases. Version: 31-page FMSD journal article.","Cited/compared only; no article text, code, or data integrated",It minimizes a successful test; our graph construction keeps the one-reset ADS at depth three while zero-reset negative support remains hard.,no
Joseph Ravichandran and Mengjia Yan — Fractal: An Operating System Designed for Microarchitecture Reverse Engineering,https://people.csail.mit.edu/mengjia/data/2026.SP.fractal.pdf,Not established for redistribution; reference/read only,2026-09-17,structured full-paper calibration source (adjacent_venue),"Structured complete-text review of the complete 16-page author PDF, including system design, M1 case study, limitations, and appended review material. Version: 16-page IEEE S&P author PDF plus appended review material.","Cited/compared only; no article text, code, or data integrated","We reuse only public vocabulary; no processor trace, attack, hardware fidelity, or empirical claim enters the theorem or fixtures.",no
PODC — 2021 Edsger W. Dijkstra Prize record,https://www.podc.org/2021-edsger-w-dijkstra-prize-in-distributed-computing/,Official award record; reference only,2026-09-17,official award record,Current official PODC page inspected in full,Workflow/calibration evidence only; not a manuscript scholarly citation,Documents the influential-sample reason for Kanellakis and Smolka (1990),no
Information and Computation Guide for Authors,https://www.sciencedirect.com/journal/information-and-computation/publish/guide-for-authors,Not established for redistribution; reference only,2026-09-17,official journal guidance,Repeated first-party retrieval attempted; page returned human-verification/HTTP 403 in this environment,Workflow only; no manuscript scholarly citation,"Live journal-specific page, supplement, link, source-upload, and declaration rules remain an external-use hold",no
Elsevier LaTeX instructions,https://www.elsevier.com/researcher/author/policies-and-guidelines/latex-instructions,Not established for redistribution; reference only,2026-09-17,official publisher guidance,Current first-party guidance inspected,Workflow only; supplied class/style used unchanged,Supports use of the elsarticle submission family and preservation of publisher files,no
Elsevier generative AI policies for journals,https://www.elsevier.com/about/policies-and-standards/generative-ai-policies-for-journals,Not established for redistribution; reference only,2026-09-17,official publisher policy,Current first-party policy and author guidance inspected,Workflow only; no manuscript scholarly citation,External use requires human oversight and truthful disclosure/application of the live policy,no
Supplied elsarticle class and elsarticle-num bibliography style,https://www.elsevier.com/researcher/author/policies-and-guidelines/latex-instructions,LPPL 1.3 or later as stated in original files,2026-09-17,publisher template assets,Matched supplied TEMPLATE.zip; original notices and files inspected,Unmodified class/style retained in paper/; no fonts distributed,Initial internal manuscript uses the prescribed Elsevier preprint family,no
