cite_key,calibration_groups,overlap_reason,authors,title,venue,year,full_text_url,metadata_url,pages_or_version,access_date,full_text_status,sections_inspected,motivating_problem,general_principle,proof_or_performance_argument,practical_connection,evaluation_breadth,artifact_strength,narrative_sequence,section_pattern,bibliography_size_note,figure_table_roles,delta_to_this_work
gill1961,same_venue,,Arthur Gill,State-Identification Experiments in Finite Automata,Information and Control,1961,https://doi.org/10.1016/S0019-9958(61)80003-X,https://doi.org/10.1016/S0019-9958(61)80003-X,23-page publisher article,2026-09-17,"Structured complete-text review of the 23-page publisher article: problem, experiment definitions, constructive cases, bounds, examples, closing discussion, and references.",all substantive sections and references,Identify the unknown initial state of a finite automaton by experiments.,Classifies state-identification experiment forms and their existence.,Constructive automata arguments and length/existence bounds.,Foundational testing semantics.,Theoretical cases and examples; no software artifact.,None expected for 1961 article.,problem → experiment taxonomy → existence/length results → examples,compact theorem-driven article,historical bibliography,machine diagrams and experiment tables carry definitions/examples,Optimizes a successful experiment for one automaton; does not minimize a losing subfamily across known hypotheses.
angluin1987,same_venue;influential,Foundational exact-learning article; counted in both the venue and influential samples.,Dana Angluin,Learning Regular Sets from Queries and Counterexamples,Information and Computation,1987,https://doi.org/10.1016/0890-5401(87)90052-6,https://doi.org/10.1016/0890-5401(87)90052-6,20-page journal article,2026-09-17,"Structured complete-text review of the full journal article: query model, observation-table invariants, closure/consistency arguments, counterexample processing, complexity, and discussion.","all sections, proofs, and references",Learn an unknown regular language by membership and equivalence queries.,Closed and consistent observation tables support exact DFA learning.,Invariant-based termination and polynomial query/time bounds.,Foundation of active automata learning.,General theorem with counterexample-driven algorithm; no retained code.,No original artifact in the historical article.,query model → table algorithm → correctness → complexity,algorithm/theorem progression,focused foundational bibliography,observation tables explain the algorithm; proofs carry guarantees,Learns transition structure from a teacher; our family is explicit and the minimized object is a losing hypothesis subset.
rivest1993,same_venue,,Ronald L. Rivest and Robert E. Schapire,Inference of Finite Automata Using Homing Sequences,Information and Computation,1993,https://people.csail.mit.edu/rivest/pubs/RS93a.pdf,https://doi.org/10.1006/inco.1993.1021,49-page author manuscript corresponding to I&C 103(2),2026-09-17,"Structured complete-text review of the 49-page author manuscript corresponding to the journal article: no-reset motivation, homing/diversity algorithms, lemmas, complexity, examples, and conclusions.","all sections, appendices, and references",Infer an unknown automaton without an external reset.,Homing sequences and diversity-based representations replace reset access.,Constructive learning algorithms with correctness and complexity proofs.,Directly relevant reset alternative.,Several algorithms and worked constructions; no reusable artifact distributed here.,"Historical source, no packaged artifact expected.",no-reset obstacle → homing machinery → algorithms → proofs → discussion,long proof-heavy journal article,broad learning/testing bibliography,automata/decision structures illustrate homing and diversity,Uses experiments to learn an unknown machine; our reset is explicit and our objective is a minimal negative support.
maler1995,same_venue,,Oded Maler and Amir Pnueli,On the Learnability of Infinitary Regular Sets,Information and Computation,1995,https://www-verimag.imag.fr/~maler/Papers/learn.pdf,https://doi.org/10.1006/inco.1995.1070,31-page complete author manuscript corresponding to I&C 118(2),2026-09-17,"Structured complete-text review of the 31-page complete author manuscript corresponding to the journal article: infinitary model, learning algorithm, proofs, counterexamples, and conclusion.",all sections and references,Extend query learning from finite to infinitary regular sets.,Adapts observation structures and acceptance semantics to omega languages.,Learnability proofs and counterexamples under the declared oracle model.,Shows target-language semantics can change the whole learning problem.,General results and examples; no code artifact.,None.,model → algorithm → correctness → counterexamples/limits,formal-learning journal structure,specialized omega-learning bibliography,tables/automata support definitions and counterexamples,Changes target languages and learning semantics; it does not select known candidates that preserve experiment failure.
kanellakis1990,same_venue;influential,Received the 2021 Dijkstra Prize; counted in venue and influential samples.,Paris C. Kanellakis and Scott A. Smolka,"CCS Expressions, Finite State Processes, and Three Problems of Equivalence",Information and Computation,1990,https://doi.org/10.1016/0890-5401(90)90025-D,https://doi.org/10.1016/0890-5401(90)90025-D,26-page publisher article,2026-09-17,"Structured complete-text review of the 26-page publisher article: three equivalences, partition-refinement algorithms, reductions, complexity arguments, and conclusion.",all sections and references,Decide behavioral equivalences for finite-state CCS processes efficiently.,Partition refinement exposes shared algorithmic structure across equivalences.,Correctness and complexity proofs plus hardness for a third equivalence.,Canonical finite-process equivalence baseline.,Multiple equivalences and algorithms; no software artifact in the article.,Historical theory article.,equivalence notions → algorithms → complexity → comparison,theorem/algorithm comparison,foundational concurrency bibliography,transition diagrams and partitions clarify equivalences,Our product relation is only an unlimited-reset ambiguity certificate; finite-reset supports are a different global object.
berwanger2010,same_venue,,Dietmar Berwanger and Krishnendu Chatterjee and Martin De Wulf and Laurent Doyen and Thomas A. Henzinger,Strategy Construction for Parity Games with Imperfect Information,Information and Computation,2010,https://doi.org/10.1016/j.ic.2009.09.006,https://doi.org/10.1016/j.ic.2009.09.006,complete journal article / extended version,2026-09-17,"Structured complete-text review of the complete journal article/extended version: imperfect-information model, antichain representation, strategy construction, correctness, complexity, and evaluation boundary.",all substantive sections and references,Construct winning strategies in parity games under imperfect information.,Antichains compact downward-closed belief information while preserving strategy synthesis.,Fixed-point/antichain correctness and complexity arguments with tool-oriented evidence.,Closest game/antichain method.,General parity objectives and strategy construction; richer than our reachability game.,Associated Alpaga tool exists; no code integrated here.,game difficulty → symbolic antichains → construction → evaluation,algorithmic game-solving article,partial-information games bibliography,antichain diagrams/tables support algorithms and experiments,Solves a fixed game and synthesizes a strategy; our special one-shot recurrence also minimizes losing supports.
burch1992,same_venue,,Jerry R. Burch and Edmund M. Clarke and Kenneth L. McMillan and David L. Dill and L. J. Hwang,Symbolic Model Checking: $10^20$ States and Beyond,Information and Computation,1992,https://doi.org/10.1016/0890-5401(92)90017-A,https://doi.org/10.1016/0890-5401(92)90017-A,29-page complete author manuscript corresponding to I&C 98(2),2026-09-17,"Structured complete-text review of the 29-page complete author manuscript: symbolic fixed points, BDD representation, algorithms, examples, limitations, and conclusion.","all sections, examples, and references",Avoid explicit-state blowup in model checking extremely large finite systems.,Represent transition relations and fixed points symbolically with BDDs.,Equivalence of symbolic algorithms plus large benchmark demonstrations.,Calibrates fixed-point presentation and evidence.,Large symbolic examples for its era; implementation-driven evidence.,"Implementation described, but no source integrated.",state explosion → symbolic representation → algorithms → case studies,method plus benchmark narrative,substantial model-checking bibliography,BDD schematics and performance tables are central,Our artifact intentionally enumerates bounded reachable beliefs and makes no symbolic-scalability claim.
joyal1996,same_venue,,Andr{\'e} Joyal and Mogens Nielsen and Glynn Winskel,Bisimulation from Open Maps,Information and Computation,1996,https://doi.org/10.1006/inco.1996.0057,https://doi.org/10.1006/inco.1996.0057,45-page complete report corresponding to I&C 127(2),2026-09-17,"Structured complete-text review of the 45-page complete report corresponding to the journal article: open maps, path categories, bisimulation theorem, examples, and concluding discussion.",all sections and references,Give an abstract account of bisimulation that applies across models.,Open maps over path categories characterize bisimulation.,"Category-theoretic definitions, equivalence theorems, and examples.",Broadens the meaning of bisimulation beyond a product relation.,Multiple semantic categories; no empirical evaluation.,No code artifact.,motivation → categorical machinery → characterization → examples,conceptual theorem article,process semantics/category theory bibliography,commuting diagrams are proof objects,Our checker uses a concrete finite product relation only for rooted pair equivalence; it claims no categorical generality.
freund1997,same_venue,,Yoav Freund and Michael Kearns and Dana Ron and Ronitt Rubinfeld and Robert E. Schapire and Linda Sellie,Efficient Learning of Typical Finite Automata from Random Walks,Information and Computation,1997,https://www.schapire.net/papers/typical-automata.pdf,https://doi.org/10.1006/inco.1997.2648,21-page author manuscript corresponding to I&C 138(1),2026-09-17,"Structured complete-text review of the 21-page author manuscript corresponding to the journal article: passive random-walk model, typical-label assumptions, algorithms, proofs, and discussion.",all sections and references,Learn typical automata passively from a random input sequence.,Average-case labeling assumptions make nontrivial passive learning efficient.,Probabilistic/algorithmic analysis under random-walk observations.,Shows how sampling assumptions define learnability.,Theory plus illustrative regimes; no active experiment design.,No retained implementation used here.,passive-learning barrier → typical model → algorithms → proofs,learning-theory theorem article,learning/random-walk bibliography,few figures; formal analysis carries result,"Optimizes inference from sampled behavior, not the size of a known subfamily that defeats all actions."
verwer2011,same_venue,,Sicco E. Verwer and Mathijs M. de Weerdt and Cees Witteveen,The Efficiency of Identifying Timed Automata and the Power of Clocks,Information and Computation,2011,https://www.cs.ru.nl/~sicco/papers/infcomp11.pdf,https://doi.org/10.1016/j.ic.2010.11.023,32-page author manuscript corresponding to I&C 209(3),2026-09-17,"Structured complete-text review of the 32-page author manuscript corresponding to the journal article: timed-identification model, hardness, one-clock positive result, proofs, and conclusion.",all sections and references,Characterize efficient identification of timed automata.,Clock structure determines negative and positive learnability boundaries.,Hardness for general deterministic timed automata and a one-clock positive theorem.,Closest timed identification boundary.,Multiple timed classes and constructions; no hardware data.,No external implementation integrated.,timed-learning question → lower bound → one-clock algorithm → implications,boundary-theorem article,timed automata and identification bibliography,timed examples/tables clarify clock power,Our model has no clocks; reset-limited support complexity arises even in untimed total deterministic systems.
timer2023,same_venue,,Frits Vaandrager and Masoud Ebrahimi and Roderick Bloem,Learning Mealy Machines with One Timer,Information and Computation,2023,https://doi.org/10.1016/j.ic.2023.105013,https://doi.org/10.1016/j.ic.2023.105013,complete author manuscript corresponding to I&C 295,2026-09-17,"Structured complete-text review of the complete author manuscript corresponding to the journal article: one-timer semantics, observation-table algorithm, termination/correctness, experiments, and limitations.","all sections, proofs, experiments, and references",Actively learn Mealy machines equipped with one observable timer.,Timed observation-table refinements and region reasoning support learning.,Termination/correctness proofs plus finite experiments.,Recent same-venue active-learning comparison.,Timed benchmarks and ablations in its declared model.,Algorithmic implementation described; not integrated here.,application need → timed model → algorithm → proofs → experiments,modern theory-plus-evaluation article,large recent bibliography,algorithm diagrams and performance tables support method/evidence,Learns a timed machine using queries; it neither studies reset budgets as resources nor negative support size.
berndt2022,same_venue,,"Sebastian Berndt and Maciej Li{\'s}kiewicz and Matthias Lutter and R{\""u}diger Reischuk",Learning Residual Alternating Automata,Information and Computation,2022,https://eccc.weizmann.ac.il/report/2017/046/download/,https://doi.org/10.1016/j.ic.2022.104981,26-page ECCC full version cross-checked to I&C 289 article,2026-09-17,"Structured complete-text review of the 26-page ECCC full version, cross-checked against the 2022 journal record: counterexample, AL** algorithm, residuality proofs, succinctness results, appendices, and discussion; exact journal typesetting was not available.","all sections, appendices, and journal metadata",Learn residual alternating automata and resolve a conjecture about AL*.,A counterexample motivates a corrected AL** algorithm and succinct residual representations.,"Counterexample, correctness proofs, query analysis, and succinctness separations.",Recent automata-learning boundary.,Theory plus reported generated experiments.,Full version available; exact journal PDF not redistributed.,failed conjecture → counterexample → repaired algorithm → succinctness,counterexample-and-repair narrative,focused learning/automata bibliography,automata figures and algorithm listings are central,Changes the learned automaton class and representation; our candidates are fixed and the selected object is a losing subset.
hyafil1976,influential,,Laurent Hyafil and Ronald L. Rivest,Constructing Optimal Binary Decision Trees is NP-Complete,Information Processing Letters,1976,https://doi.org/10.1016/0020-0190(76)90095-8,https://doi.org/10.1016/0020-0190(76)90095-8,3-page journal article,2026-09-17,"Structured complete-text review of the full three-page article: binary decision-tree objective, reduction, and NP-completeness conclusion.",entire article and references,Determine the complexity of constructing optimal binary identification trees.,Successful-query optimization can itself encode NP-complete structure.,Compact reduction and NP-completeness argument.,Foundational decision-tree complexity.,Single sharp complexity result.,No artifact.,objective → reduction → theorem,very compact complexity note,minimal historical bibliography,no substantive figures,Optimizes a successful tree; our reduction makes the positive next-budget tree trivial while the smallest negative support is hard.
reif1984,influential,,John H. Reif,The Complexity of Two-Player Games of Incomplete Information,Journal of Computer and System Sciences,1984,https://doi.org/10.1016/0022-0000(84)90034-5,https://doi.org/10.1016/0022-0000(84)90034-5,full JCSS article,2026-09-17,"Structured complete-text review of the full article: incomplete-information game model, alternating-space reductions, upper/lower bounds, and concluding implications.",all sections and references,Classify games in which players lack complete state information.,Knowledge sets and alternating computation capture incomplete-information complexity.,Upper/lower bounds through game-to-machine reductions.,Foundational partial-information game complexity.,Multiple game variants and complexity classes.,No code artifact.,model → reductions → complexity hierarchy → implications,long complexity-theory article,broad games/complexity bibliography,game graphs support reductions,Our finite reachability game is narrower and explicitly checked; support minimization is an extra outer optimization.
karp1972,influential,,Richard M. Karp,Reducibility among Combinatorial Problems,Complexity of Computer Computations,1972,,,complete 19-page book chapter,2026-09-17,"Structured complete-text review of the complete chapter: polynomial reducibility framework, 21 problems, reductions including vertex cover, and closing discussion.",entire chapter and problem list,Establish polynomial reducibility and a common class of combinatorial hard problems.,Many-one reductions organize NP-completeness; vertex cover is one canonical problem.,Chain of explicit polynomial reductions.,Hardness source for the reverse construction.,"Twenty-one problems, no experiments.",No artifact.,complexity framework → problem catalogue → reductions,foundational reduction chapter,historical bibliography,reduction graph/table organizes problem relations,Supplies classical vertex-cover hardness only; the experiment-system representation and depth separation are proved here.
alur1995,adjacent_venue,,Rajeev Alur and Costas Courcoubetis and Mihalis Yannakakis,Distinguishing Tests for Nondeterministic and Probabilistic Machines,Proceedings of the 27th Annual ACM Symposium on Theory of Computing,1995,https://doi.org/10.1145/225058.225161,https://doi.org/10.1145/225058.225161,10-page STOC paper,2026-09-17,"Structured complete-text review of the full conference paper: nondeterministic/probabilistic distinguishing tests, complexity results, algorithms, and comparison to deterministic machines.",entire paper and references,Construct distinguishing tests for nondeterministic and probabilistic machines.,Changing transition/output semantics changes both distinguishability and complexity.,Complexity classifications and constructive algorithms.,Direct state-testing neighbor with richer models.,"Several machine classes, no empirical data.",No code artifact.,model variants → complexity → algorithms,conference theorem paper,state-testing/probabilistic bibliography,machine examples illustrate distinctions,We deliberately freeze deterministic exact observations; our novelty lies in reset-limited losing-support structure.
dewulf2006,adjacent_venue,,Martin De Wulf and Laurent Doyen and Thomas A. Henzinger and Jean-Fran{\c{c}}ois Raskin,Antichains: A New Algorithm for Checking Universality of Finite Automata,Computer Aided Verification,2006,https://doi.org/10.1007/11817963_5,https://doi.org/10.1007/11817963_5,14-page CAV paper,2026-09-17,"Structured complete-text review of the full conference paper: universality fixed point, antichain order, correctness, implementation, experiments, and limitations.",entire paper and references,Check finite-automata universality without materializing the full subset construction.,Antichains represent downward-closed state sets compactly.,Sound fixed-point algorithm plus implementation and benchmark comparison.,Algorithmic antichain baseline.,Benchmarks compare symbolic representations.,Tool implementation reported; no code integrated.,state explosion → antichain algorithm → proof → experiments,formal-methods method/evaluation sequence,focused verification bibliography,performance tables substantiate speed/memory claims,Our antichain equation is exact only for fresh one-shot tables and is not a general universality algorithm.
bonchi2013,adjacent_venue,,Filippo Bonchi and Damien Pous,Checking NFA Equivalence with Bisimulations up to Congruence,Proceedings of the 40th ACM SIGPLAN-SIGACT Symposium on Principles of Programming Languages,2013,https://doi.org/10.1145/2429069.2429124,https://doi.org/10.1145/2429069.2429124,12-page POPL paper,2026-09-17,"Structured complete-text review of the full conference paper: bisimulation up to congruence, soundness, algorithms, examples, and evaluation.",entire paper and references,Make NFA language-equivalence checking practical.,Bisimulation up to congruence soundly exploits algebraic closure.,"Coinductive soundness theorem, algorithm, and experiments.",Closest independent-checker/coinduction style.,Algorithms and benchmarks on NFA equivalence.,Prototype/implementation evaluated; not integrated.,coinduction bottleneck → up-to technique → proof → evaluation,proof plus benchmark paper,bisimulation/coalgebra bibliography,algorithm diagrams and benchmark tables,Our pair witness is a simple product bisimulation and cannot certify finite-reset global failure.
vaandrager2022,adjacent_venue,,Frits Vaandrager and Bharat Garhewal and Jurriaan Rot and Thorsten Wi{\ss}mann,A New Approach for Active Automata Learning Based on Apartness,Tools and Algorithms for the Construction and Analysis of Systems,2022,https://doi.org/10.1007/978-3-030-99524-9_12,https://doi.org/10.1007/978-3-030-99524-9_12,21-page TACAS paper,2026-09-17,"Structured complete-text review of the full conference paper: apartness relation, learning algorithm, invariants, termination/correctness, and experiments.",entire paper and references,Improve active automata learning with constructive apartness evidence.,Apartness provides positive certificates of distinguishability and guides learning.,"Invariant, termination, and correctness proofs plus experiments.",Recent successful-discrimination counterpart.,Benchmarks compare learning algorithms.,Implementation/benchmarks reported; no source integrated.,learning bottleneck → apartness → algorithm → proof → experiments,modern TACAS theory/evaluation sequence,broad active-learning bibliography,algorithm schematics and result tables,Apartness proves successful separation while our supports prove that all available choices still fail under a budget.
turker2014,adjacent_venue,,"Uraz C. T{\""u}rker and H{\""u}sn{\""u} Yenig{\""u}n",Hardness and Inapproximability of Minimizing Adaptive Distinguishing Sequences,Formal Methods in System Design,2014,https://doi.org/10.1007/s10703-013-0187-3,https://doi.org/10.1007/s10703-013-0187-3,31-page FMSD journal article,2026-09-17,"Structured complete-text review of the full journal article: adaptive distinguishing sequence minimization, reductions, inapproximability, and boundary cases.",all sections and references,Minimize adaptive distinguishing sequences for FSM states.,Successful adaptive trees have strong hardness and inapproximability boundaries.,Reductions and approximation lower bounds with restricted cases.,Closest positive-object complexity comparator.,Multiple restrictions and approximation results; no device data.,No reusable artifact integrated.,ADS objective → hardness → inapproximability → cases,formal-methods complexity article,testing/decision-tree bibliography,gadget diagrams support reductions,It minimizes a successful test; our graph construction keeps the one-reset ADS at depth three while zero-reset negative support remains hard.
fractal2026,adjacent_venue,Application-context paper rather than a closest formal theorem.,Joseph Ravichandran and Mengjia Yan,Fractal: An Operating System Designed for Microarchitecture Reverse Engineering,2026 IEEE Symposium on Security and Privacy,2026,https://people.csail.mit.edu/mengjia/data/2026.SP.fractal.pdf,https://doi.org/10.1109/SP63933.2026.00141,16-page IEEE S&P author PDF plus appended review material,2026-09-17,"Structured complete-text review of the complete 16-page author PDF, including system design, M1 case study, limitations, and appended review material.","all pages including design, case study, limitations, references, and review appendix",Reduce experimental noise and expose precise privilege-domain control for microarchitecture reverse engineering.,A specialized operating system can make low-level experiments more controlled and repeatable.,System design and Apple M1 case study with measured observations.,Motivates the distinction between experimental control and identifiability.,One real-system case study and system evaluation.,Paper links code; no code/data incorporated into this formal artifact.,workflow problem → OS design → implementation → case study → limits,systems/security design-and-evaluation paper,systems and microarchitecture bibliography,architecture/workflow diagrams and empirical plots support system claims,"We reuse only public vocabulary; no processor trace, attack, hardware fidelity, or empirical claim enters the theorem or fixtures."
