cite_key,category,authors,title,publication,year,cited_in_paper,doi_or_stable_id,verification_url,access_date,metadata_basis,reading_scope,verification_status,redistribution
moore1956,state identification and FSM testing,Edward F. Moore,Gedanken-Experiments on Sequential Machines,Automata Studies,1956,yes,,,2026-09-17,"scholarly publisher, proceedings, author, or standard bibliographic metadata",citation-level metadata and relevance screening; no full-read claim,"bibliographic fields cross-checked against scholarly publisher, proceedings, author, or standard bibliographic metadata; relevance screened",citation only; no article text redistributed
gill1961,state identification and FSM testing,Arthur Gill,State-Identification Experiments in Finite Automata,Information and Control,1961,yes,10.1016/S0019-9958(61)80003-X,https://doi.org/10.1016/S0019-9958(61)80003-X,2026-09-17,primary publisher record plus complete accessible publisher/author text; version differences stated where applicable,"Structured complete-text review of the 23-page publisher article: problem, experiment definitions, constructive cases, bounds, examples, closing discussion, and references.",bibliographic fields cross-checked against a primary publisher/author record; complete accessible text reviewed under the exact version note,citation only; no article text redistributed
hennie1964,state identification and FSM testing,Fred C. Hennie,Fault-Detecting Experiments for Sequential Circuits,Proceedings of the 5th Annual Symposium on Switching Circuit Theory and Logical Design,1964,yes,,,2026-09-17,"scholarly publisher, proceedings, author, or standard bibliographic metadata",citation-level metadata and relevance screening; no full-read claim,"bibliographic fields cross-checked against scholarly publisher, proceedings, author, or standard bibliographic metadata; relevance screened",citation only; no article text redistributed
gonenc1970,state identification and FSM testing,"G{\""u}ney G{\""o}nen{\c{c}}",A Method for the Design of Fault Detection Experiments,IEEE Transactions on Computers,1970,yes,,,2026-09-17,"scholarly publisher, proceedings, author, or standard bibliographic metadata",citation-level metadata and relevance screening; no full-read claim,"bibliographic fields cross-checked against scholarly publisher, proceedings, author, or standard bibliographic metadata; relevance screened",citation only; no article text redistributed
vasilevskii1973,state identification and FSM testing,M. P. Vasilevskii,Failure Diagnosis of Automata,Cybernetics and Systems Analysis,1973,yes,,,2026-09-17,"scholarly publisher, proceedings, author, or standard bibliographic metadata",citation-level metadata and relevance screening; no full-read claim,"bibliographic fields cross-checked against scholarly publisher, proceedings, author, or standard bibliographic metadata; relevance screened",citation only; no article text redistributed
chow1978,state identification and FSM testing,Tsun S. Chow,Testing Software Design Modeled by Finite-State Machines,IEEE Transactions on Software Engineering,1978,yes,,,2026-09-17,"scholarly publisher, proceedings, author, or standard bibliographic metadata",citation-level metadata and relevance screening; no full-read claim,"bibliographic fields cross-checked against scholarly publisher, proceedings, author, or standard bibliographic metadata; relevance screened",citation only; no article text redistributed
fujiwara1991,state identification and FSM testing,Susumu Fujiwara and Gregor von Bochmann and Ferhat Khendek and Mokhtar Amalou and Abderrazak Ghedamsi,Test Selection Based on Finite State Models,IEEE Transactions on Software Engineering,1991,yes,,,2026-09-17,"scholarly publisher, proceedings, author, or standard bibliographic metadata",citation-level metadata and relevance screening; no full-read claim,"bibliographic fields cross-checked against scholarly publisher, proceedings, author, or standard bibliographic metadata; relevance screened",citation only; no article text redistributed
lee1994,state identification and FSM testing,David Lee and Mihalis Yannakakis,Testing Finite-State Machines: State Identification and Verification,IEEE Transactions on Computers,1994,yes,,,2026-09-17,publisher/primary bibliographic records,bibliographic metadata and close-work screening,"bibliographic fields cross-checked against scholarly publisher, proceedings, author, or standard bibliographic metadata; relevance screened",citation only; no article text redistributed
yannakakis1995,state identification and FSM testing,Mihalis Yannakakis and David Lee,Testing Finite State Machines: Fault Detection,Journal of Computer and System Sciences,1995,yes,,,2026-09-17,"scholarly publisher, proceedings, author, or standard bibliographic metadata",citation-level metadata and relevance screening; no full-read claim,"bibliographic fields cross-checked against scholarly publisher, proceedings, author, or standard bibliographic metadata; relevance screened",citation only; no article text redistributed
lee1996,state identification and FSM testing,David Lee and Mihalis Yannakakis,Principles and Methods of Testing Finite State Machines---A Survey,Proceedings of the IEEE,1996,yes,,,2026-09-17,"scholarly publisher, proceedings, author, or standard bibliographic metadata",citation-level metadata and relevance screening; no full-read claim,"bibliographic fields cross-checked against scholarly publisher, proceedings, author, or standard bibliographic metadata; relevance screened",citation only; no article text redistributed
dorofeeva2010,state identification and FSM testing,Rita Dorofeeva and Khaled El-Fakih and St{\'e}phane Maag and Ana R. Cavalli and Nina Yevtushenko,{FSM}-Based Conformance Testing Methods: A Survey Annotated with Experimental Evaluation,Information and Software Technology,2010,yes,,,2026-09-17,"scholarly publisher, proceedings, author, or standard bibliographic metadata",citation-level metadata and relevance screening; no full-read claim,"bibliographic fields cross-checked against scholarly publisher, proceedings, author, or standard bibliographic metadata; relevance screened",citation only; no article text redistributed
alur1995,state identification and FSM testing,Rajeev Alur and Costas Courcoubetis and Mihalis Yannakakis,Distinguishing Tests for Nondeterministic and Probabilistic Machines,Proceedings of the 27th Annual ACM Symposium on Theory of Computing,1995,yes,10.1145/225058.225161,https://doi.org/10.1145/225058.225161,2026-09-17,primary publisher record plus complete accessible publisher/author text; version differences stated where applicable,"Structured complete-text review of the full conference paper: nondeterministic/probabilistic distinguishing tests, complexity results, algorithms, and comparison to deterministic machines.",bibliographic fields cross-checked against a primary publisher/author record; complete accessible text reviewed under the exact version note,citation only; no article text redistributed
hierons2004,state identification and FSM testing,Robert M. Hierons,Testing from a Nondeterministic Finite State Machine Using Adaptive State Counting,IEEE Transactions on Computers,2004,yes,,,2026-09-17,"scholarly publisher, proceedings, author, or standard bibliographic metadata",citation-level metadata and relevance screening; no full-read claim,"bibliographic fields cross-checked against scholarly publisher, proceedings, author, or standard bibliographic metadata; relevance screened",citation only; no article text redistributed
petrenko2005,state identification and FSM testing,Alexandre Petrenko and Nina Yevtushenko,Testing from Partial Deterministic {FSM} Specifications,IEEE Transactions on Computers,2005,yes,,,2026-09-17,"scholarly publisher, proceedings, author, or standard bibliographic metadata",citation-level metadata and relevance screening; no full-read claim,"bibliographic fields cross-checked against scholarly publisher, proceedings, author, or standard bibliographic metadata; relevance screened",citation only; no article text redistributed
spitsyna2007,state identification and FSM testing,Natalia Spitsyna and Khaled El-Fakih and Nina Yevtushenko,Studying the Separability Relation between Finite State Machines,"Software Testing, Verification and Reliability",2007,yes,,,2026-09-17,"scholarly publisher, proceedings, author, or standard bibliographic metadata",citation-level metadata and relevance screening; no full-read claim,"bibliographic fields cross-checked against scholarly publisher, proceedings, author, or standard bibliographic metadata; relevance screened",citation only; no article text redistributed
bensalem2008,state identification and FSM testing,Saddek Bensalem and Moez Krichen and Stavros Tripakis,State Identification Problems for Input/Output Transition Systems,Proceedings of the 9th International Workshop on Discrete Event Systems,2008,yes,,,2026-09-17,"scholarly publisher, proceedings, author, or standard bibliographic metadata",citation-level metadata and relevance screening; no full-read claim,"bibliographic fields cross-checked against scholarly publisher, proceedings, author, or standard bibliographic metadata; relevance screened",citation only; no article text redistributed
turker2014,state identification and FSM testing,"Uraz C. T{\""u}rker and H{\""u}sn{\""u} Yenig{\""u}n",Hardness and Inapproximability of Minimizing Adaptive Distinguishing Sequences,Formal Methods in System Design,2014,yes,10.1007/s10703-013-0187-3,https://doi.org/10.1007/s10703-013-0187-3,2026-09-17,primary publisher record plus complete accessible publisher/author text; version differences stated where applicable,"Structured complete-text review of the full journal article: adaptive distinguishing sequence minimization, reductions, inapproximability, and boundary cases.",bibliographic fields cross-checked against a primary publisher/author record; complete accessible text reviewed under the exact version note,citation only; no article text redistributed
turker2016,state identification and FSM testing,"Uraz C. T{\""u}rker and Tuncay {\""U}nl{\""u}yurt and H{\""u}sn{\""u} Yenig{\""u}n",Effective Algorithms for Constructing Minimum Cost Adaptive Distinguishing Sequences,Information and Software Technology,2016,yes,,,2026-09-17,institutional and journal records,institutional article metadata and abstract,"bibliographic fields cross-checked against scholarly publisher, proceedings, author, or standard bibliographic metadata; relevance screened",citation only; no article text redistributed
elfakih2018,state identification and FSM testing,Khaled El-Fakih and Nina Yevtushenko and Natalia Kushik,Adaptive Distinguishing Test Cases of Nondeterministic Finite State Machines: Test Case Derivation and Length Estimation,Formal Aspects of Computing,2018,yes,,,2026-09-17,"scholarly publisher, proceedings, author, or standard bibliographic metadata",citation-level metadata and relevance screening; no full-read claim,"bibliographic fields cross-checked against scholarly publisher, proceedings, author, or standard bibliographic metadata; relevance screened",citation only; no article text redistributed
vandenbos2021,state identification and FSM testing,Petra van den Bos and Frits Vaandrager,State Identification for Labeled Transition Systems with Inputs and Outputs,Science of Computer Programming,2021,yes,,,2026-09-17,author preprint and journal metadata,selected definitions and theorem passages,"bibliographic fields cross-checked against scholarly publisher, proceedings, author, or standard bibliographic metadata; relevance screened",citation only; no article text redistributed
angluin1987,active automata learning and successful discrimination,Dana Angluin,Learning Regular Sets from Queries and Counterexamples,Information and Computation,1987,yes,10.1016/0890-5401(87)90052-6,https://doi.org/10.1016/0890-5401(87)90052-6,2026-09-17,primary publisher record plus complete accessible publisher/author text; version differences stated where applicable,"Structured complete-text review of the full journal article: query model, observation-table invariants, closure/consistency arguments, counterexample processing, complexity, and discussion.",bibliographic fields cross-checked against a primary publisher/author record; complete accessible text reviewed under the exact version note,citation only; no article text redistributed
rivest1993,active automata learning and successful discrimination,Ronald L. Rivest and Robert E. Schapire,Inference of Finite Automata Using Homing Sequences,Information and Computation,1993,yes,10.1006/inco.1993.1021,https://people.csail.mit.edu/rivest/pubs/RS93a.pdf,2026-09-17,primary publisher record plus complete accessible publisher/author text; version differences stated where applicable,"Structured complete-text review of the 49-page author manuscript corresponding to the journal article: no-reset motivation, homing/diversity algorithms, lemmas, complexity, examples, and conclusions.",bibliographic fields cross-checked against a primary publisher/author record; complete accessible text reviewed under the exact version note,citation only; no article text redistributed
shahbaz2009,active automata learning and successful discrimination,Muzammil Shahbaz and Roland Groz,Inferring {Mealy} Machines,FM 2009: Formal Methods,2009,yes,,,2026-09-17,"scholarly publisher, proceedings, author, or standard bibliographic metadata",citation-level metadata and relevance screening; no full-read claim,"bibliographic fields cross-checked against scholarly publisher, proceedings, author, or standard bibliographic metadata; relevance screened",citation only; no article text redistributed
steffen2011,active automata learning and successful discrimination,Bernhard Steffen and Falk Howar and Maik Merten,Introduction to Active Automata Learning from a Practical Perspective,Formal Methods for Eternal Networked Software Systems,2011,yes,,,2026-09-17,"scholarly publisher, proceedings, author, or standard bibliographic metadata",citation-level metadata and relevance screening; no full-read claim,"bibliographic fields cross-checked against scholarly publisher, proceedings, author, or standard bibliographic metadata; relevance screened",citation only; no article text redistributed
isberner2014,active automata learning and successful discrimination,Malte Isberner and Falk Howar and Bernhard Steffen,The {TTT} Algorithm: A Redundancy-Free Approach to Active Automata Learning,Runtime Verification,2014,yes,,,2026-09-17,"scholarly publisher, proceedings, author, or standard bibliographic metadata",citation-level metadata and relevance screening; no full-read claim,"bibliographic fields cross-checked against scholarly publisher, proceedings, author, or standard bibliographic metadata; relevance screened",citation only; no article text redistributed
vaandrager2017,active automata learning and successful discrimination,Frits Vaandrager,Model Learning,Communications of the ACM,2017,yes,,,2026-09-17,"scholarly publisher, proceedings, author, or standard bibliographic metadata",citation-level metadata and relevance screening; no full-read claim,"bibliographic fields cross-checked against scholarly publisher, proceedings, author, or standard bibliographic metadata; relevance screened",citation only; no article text redistributed
frohme2019,active automata learning and successful discrimination,Markus T. Frohme,Active Automata Learning with Adaptive Distinguishing Sequences,,2019,yes,,,2026-09-17,arXiv archive and thesis record,selected substantive thesis/archive chapters,"bibliographic fields cross-checked against scholarly publisher, proceedings, author, or standard bibliographic metadata; relevance screened",citation only; no article text redistributed
deruiter2015,active automata learning and successful discrimination,Joeri de Ruiter and Erik Poll,Protocol State Fuzzing of {TLS} Implementations,24th USENIX Security Symposium,2015,yes,,,2026-09-17,"scholarly publisher, proceedings, author, or standard bibliographic metadata",citation-level metadata and relevance screening; no full-read claim,"bibliographic fields cross-checked against scholarly publisher, proceedings, author, or standard bibliographic metadata; relevance screened",citation only; no article text redistributed
vaandrager2022,active automata learning and successful discrimination,Frits Vaandrager and Bharat Garhewal and Jurriaan Rot and Thorsten Wi{\ss}mann,A New Approach for Active Automata Learning Based on Apartness,Tools and Algorithms for the Construction and Analysis of Systems,2022,yes,10.1007/978-3-030-99524-9_12,https://doi.org/10.1007/978-3-030-99524-9_12,2026-09-17,primary publisher record plus complete accessible publisher/author text; version differences stated where applicable,"Structured complete-text review of the full conference paper: apartness relation, learning algorithm, invariants, termination/correctness, and experiments.",bibliographic fields cross-checked against a primary publisher/author record; complete accessible text reviewed under the exact version note,citation only; no article text redistributed
actioncodes2023,active automata learning and successful discrimination,Frits Vaandrager and Thorsten Wi{\ss}mann,Action Codes,"50th International Colloquium on Automata, Languages, and Programming",2023,yes,,,2026-09-17,DROPS primary proceedings record,primary proceedings record and selected passages,"bibliographic fields cross-checked against scholarly publisher, proceedings, author, or standard bibliographic metadata; relevance screened",citation only; no article text redistributed
timer2023,active automata learning and successful discrimination,Frits Vaandrager and Masoud Ebrahimi and Roderick Bloem,Learning {Mealy} Machines with One Timer,Information and Computation,2023,yes,10.1016/j.ic.2023.105013,https://doi.org/10.1016/j.ic.2023.105013,2026-09-17,primary publisher record plus complete accessible publisher/author text; version differences stated where applicable,"Structured complete-text review of the complete author manuscript corresponding to the journal article: one-timer semantics, observation-table algorithm, termination/correctness, experiments, and limitations.",bibliographic fields cross-checked against a primary publisher/author record; complete accessible text reviewed under the exact version note,citation only; no article text redistributed
laumen2026,active automata learning and successful discrimination,Jasper Laumen and Leonne Snel and Frits Vaandrager,An {$L^{\#}$}-Based Algorithm for Active Learning of Minimal Separating Automata,,2026,yes,10.1007/978-3-032-32526-6_13,https://doi.org/10.1007/978-3-032-32526-6_13,2026-09-17,arXiv primary preprint,"algorithm, discussion, and references in primary preprint","bibliographic fields cross-checked against scholarly publisher, proceedings, author, or standard bibliographic metadata; relevance screened",citation only; no article text redistributed
maler1995,active automata learning and successful discrimination,Oded Maler and Amir Pnueli,On the Learnability of Infinitary Regular Sets,Information and Computation,1995,yes,10.1006/inco.1995.1070,https://www-verimag.imag.fr/~maler/Papers/learn.pdf,2026-09-17,primary publisher record plus complete accessible publisher/author text; version differences stated where applicable,"Structured complete-text review of the 31-page complete author manuscript corresponding to the journal article: infinitary model, learning algorithm, proofs, counterexamples, and conclusion.",bibliographic fields cross-checked against a primary publisher/author record; complete accessible text reviewed under the exact version note,citation only; no article text redistributed
hyafil1976,decision trees and query optimization,Laurent Hyafil and Ronald L. Rivest,Constructing Optimal Binary Decision Trees is {NP}-Complete,Information Processing Letters,1976,yes,10.1016/0020-0190(76)90095-8,https://doi.org/10.1016/0020-0190(76)90095-8,2026-09-17,primary publisher record plus complete accessible publisher/author text; version differences stated where applicable,"Structured complete-text review of the full three-page article: binary decision-tree objective, reduction, and NP-completeness conclusion.",bibliographic fields cross-checked against a primary publisher/author record; complete accessible text reviewed under the exact version note,citation only; no article text redistributed
garey1972,decision trees and query optimization,Michael R. Garey,Optimal Binary Identification Procedures,SIAM Journal on Applied Mathematics,1972,yes,,,2026-09-17,"scholarly publisher, proceedings, author, or standard bibliographic metadata",citation-level metadata and relevance screening; no full-read claim,"bibliographic fields cross-checked against scholarly publisher, proceedings, author, or standard bibliographic metadata; relevance screened",citation only; no article text redistributed
dasgupta2004,decision trees and query optimization,Sanjoy Dasgupta,Analysis of a Greedy Active Learning Strategy,Advances in Neural Information Processing Systems 17,2004,yes,,,2026-09-17,"scholarly publisher, proceedings, author, or standard bibliographic metadata",citation-level metadata and relevance screening; no full-read claim,"bibliographic fields cross-checked against scholarly publisher, proceedings, author, or standard bibliographic metadata; relevance screened",citation only; no article text redistributed
nowak2011,decision trees and query optimization,Robert D. Nowak,The Geometry of Generalized Binary Search,IEEE Transactions on Information Theory,2011,yes,,,2026-09-17,"scholarly publisher, proceedings, author, or standard bibliographic metadata",citation-level metadata and relevance screening; no full-read claim,"bibliographic fields cross-checked against scholarly publisher, proceedings, author, or standard bibliographic metadata; relevance screened",citation only; no article text redistributed
golovin2011,decision trees and query optimization,Daniel Golovin and Andreas Krause,Adaptive Submodularity: Theory and Applications in Active Learning and Stochastic Optimization,Journal of Artificial Intelligence Research,2011,yes,,,2026-09-17,"scholarly publisher, proceedings, author, or standard bibliographic metadata",citation-level metadata and relevance screening; no full-read claim,"bibliographic fields cross-checked against scholarly publisher, proceedings, author, or standard bibliographic metadata; relevance screened",citation only; no article text redistributed
guillory2009,decision trees and query optimization,Andrew Guillory and Jeff Bilmes,Average-Case Active Learning with Costs,Algorithmic Learning Theory,2009,yes,,,2026-09-17,"scholarly publisher, proceedings, author, or standard bibliographic metadata",citation-level metadata and relevance screening; no full-read claim,"bibliographic fields cross-checked against scholarly publisher, proceedings, author, or standard bibliographic metadata; relevance screened",citation only; no article text redistributed
chakaravarthy2007,decision trees and query optimization,Venkatesan T. Chakaravarthy and Vinayaka Pandit and Sambuddha Roy and Pranjal Awasthi and Mukesh Mohania,Decision Trees for Entity Identification: Approximation Algorithms and Hardness Results,Proceedings of the 26th ACM SIGMOD-SIGACT-SIGART Symposium on Principles of Database Systems,2007,yes,,,2026-09-17,"scholarly publisher, proceedings, author, or standard bibliographic metadata",citation-level metadata and relevance screening; no full-read claim,"bibliographic fields cross-checked against scholarly publisher, proceedings, author, or standard bibliographic metadata; relevance screened",citation only; no article text redistributed
turker2012,decision trees and query optimization,"Uraz C. T{\""u}rker and H{\""u}sn{\""u} Yenig{\""u}n",Hardness and Inapproximability Results for Minimum Verification Set and Minimum Path Decision Tree Problems,Sabanc{\i} University,2012,yes,,,2026-09-17,institutional full-text report,definitions and reduction passages in full-text report,"bibliographic fields cross-checked against scholarly publisher, proceedings, author, or standard bibliographic metadata; relevance screened",citation only; no article text redistributed
reif1984,"partial-information games, antichains, and equivalence",John H. Reif,The Complexity of Two-Player Games of Incomplete Information,Journal of Computer and System Sciences,1984,yes,10.1016/0022-0000(84)90034-5,https://doi.org/10.1016/0022-0000(84)90034-5,2026-09-17,primary publisher record plus complete accessible publisher/author text; version differences stated where applicable,"Structured complete-text review of the full article: incomplete-information game model, alternating-space reductions, upper/lower bounds, and concluding implications.",bibliographic fields cross-checked against a primary publisher/author record; complete accessible text reviewed under the exact version note,citation only; no article text redistributed
berwanger2010,"partial-information games, antichains, and equivalence",Dietmar Berwanger and Krishnendu Chatterjee and Martin De Wulf and Laurent Doyen and Thomas A. Henzinger,Strategy Construction for Parity Games with Imperfect Information,Information and Computation,2010,yes,10.1016/j.ic.2009.09.006,https://doi.org/10.1016/j.ic.2009.09.006,2026-09-17,primary publisher record plus complete accessible publisher/author text; version differences stated where applicable,"Structured complete-text review of the complete journal article/extended version: imperfect-information model, antichain representation, strategy construction, correctness, complexity, and evaluation boundary.",bibliographic fields cross-checked against a primary publisher/author record; complete accessible text reviewed under the exact version note,citation only; no article text redistributed
chatterjee2014,"partial-information games, antichains, and equivalence",Krishnendu Chatterjee and Laurent Doyen,Partial-Observation Stochastic Games: How to Win when Belief Fails,ACM Transactions on Computational Logic,2014,yes,,,2026-09-17,author-hosted preprint and journal metadata,"abstract, introduction, and first-page inspection","bibliographic fields cross-checked against scholarly publisher, proceedings, author, or standard bibliographic metadata; relevance screened",citation only; no article text redistributed
dewulf2006,"partial-information games, antichains, and equivalence",Martin De Wulf and Laurent Doyen and Thomas A. Henzinger and Jean-Fran{\c{c}}ois Raskin,Antichains: A New Algorithm for Checking Universality of Finite Automata,Computer Aided Verification,2006,yes,10.1007/11817963_5,https://doi.org/10.1007/11817963_5,2026-09-17,primary publisher record plus complete accessible publisher/author text; version differences stated where applicable,"Structured complete-text review of the full conference paper: universality fixed point, antichain order, correctness, implementation, experiments, and limitations.",bibliographic fields cross-checked against a primary publisher/author record; complete accessible text reviewed under the exact version note,citation only; no article text redistributed
doyen2010,"partial-information games, antichains, and equivalence",Laurent Doyen and Jean-Fran{\c{c}}ois Raskin,Antichain Algorithms for Finite Automata,Tools and Algorithms for the Construction and Analysis of Systems,2010,yes,,,2026-09-17,"scholarly publisher, proceedings, author, or standard bibliographic metadata",citation-level metadata and relevance screening; no full-read claim,"bibliographic fields cross-checked against scholarly publisher, proceedings, author, or standard bibliographic metadata; relevance screened",citation only; no article text redistributed
paige1987,"partial-information games, antichains, and equivalence",Robert Paige and Robert E. Tarjan,Three Partition Refinement Algorithms,SIAM Journal on Computing,1987,yes,,,2026-09-17,"scholarly publisher, proceedings, author, or standard bibliographic metadata",citation-level metadata and relevance screening; no full-read claim,"bibliographic fields cross-checked against scholarly publisher, proceedings, author, or standard bibliographic metadata; relevance screened",citation only; no article text redistributed
kanellakis1990,"partial-information games, antichains, and equivalence",Paris C. Kanellakis and Scott A. Smolka,"{CCS} Expressions, Finite State Processes, and Three Problems of Equivalence",Information and Computation,1990,yes,10.1016/0890-5401(90)90025-D,https://doi.org/10.1016/0890-5401(90)90025-D,2026-09-17,primary publisher record plus complete accessible publisher/author text; version differences stated where applicable,"Structured complete-text review of the 26-page publisher article: three equivalences, partition-refinement algorithms, reductions, complexity arguments, and conclusion.",bibliographic fields cross-checked against a primary publisher/author record; complete accessible text reviewed under the exact version note,citation only; no article text redistributed
hopcroft1971,"partial-information games, antichains, and equivalence",John E. Hopcroft,An {$n\log n$} Algorithm for Minimizing States in a Finite Automaton,Theory of Machines and Computations,1971,yes,,,2026-09-17,"scholarly publisher, proceedings, author, or standard bibliographic metadata",citation-level metadata and relevance screening; no full-read claim,"bibliographic fields cross-checked against scholarly publisher, proceedings, author, or standard bibliographic metadata; relevance screened",citation only; no article text redistributed
bonchi2013,"partial-information games, antichains, and equivalence",Filippo Bonchi and Damien Pous,Checking {NFA} Equivalence with Bisimulations up to Congruence,Proceedings of the 40th ACM SIGPLAN-SIGACT Symposium on Principles of Programming Languages,2013,yes,10.1145/2429069.2429124,https://doi.org/10.1145/2429069.2429124,2026-09-17,primary publisher record plus complete accessible publisher/author text; version differences stated where applicable,"Structured complete-text review of the full conference paper: bisimulation up to congruence, soundness, algorithms, examples, and evaluation.",bibliographic fields cross-checked against a primary publisher/author record; complete accessible text reviewed under the exact version note,citation only; no article text redistributed
milner1989,"partial-information games, antichains, and equivalence",Robin Milner,Communication and Concurrency,Prentice Hall,1989,yes,,,2026-09-17,"scholarly publisher, proceedings, author, or standard bibliographic metadata",citation-level metadata and relevance screening; no full-read claim,"bibliographic fields cross-checked against scholarly publisher, proceedings, author, or standard bibliographic metadata; relevance screened",citation only; no article text redistributed
cerny1964,synchronization and reset automata,J{\'a}n {\v{C}}ern{\'y},Pozn{\'a}mka k homog{\'e}nnym experimentom s kone{\v{c}}n{\'y}mi automatmi,Matematicko-fyzik{\'a}lny {\v{C}}asopis Slovenskej Akad{\'e}mie Vied,1964,yes,,,2026-09-17,"scholarly publisher, proceedings, author, or standard bibliographic metadata",citation-level metadata and relevance screening; no full-read claim,"bibliographic fields cross-checked against scholarly publisher, proceedings, author, or standard bibliographic metadata; relevance screened",citation only; no article text redistributed
eppstein1990,synchronization and reset automata,David Eppstein,Reset Sequences for Monotonic Automata,SIAM Journal on Computing,1990,yes,,,2026-09-17,"scholarly publisher, proceedings, author, or standard bibliographic metadata",citation-level metadata and relevance screening; no full-read claim,"bibliographic fields cross-checked against scholarly publisher, proceedings, author, or standard bibliographic metadata; relevance screened",citation only; no article text redistributed
volkov2008,synchronization and reset automata,Mikhail V. Volkov,Synchronizing Automata and the {\v{C}}ern{\'y} Conjecture,Language and Automata Theory and Applications,2008,yes,,,2026-09-17,"scholarly publisher, proceedings, author, or standard bibliographic metadata",citation-level metadata and relevance screening; no full-read claim,"bibliographic fields cross-checked against scholarly publisher, proceedings, author, or standard bibliographic metadata; relevance screened",citation only; no article text redistributed
pin1983,synchronization and reset automata,Jean-{\'E}ric Pin,On Two Combinatorial Problems Arising from Automata Theory,Combinatorial Mathematics,1983,yes,,,2026-09-17,"scholarly publisher, proceedings, author, or standard bibliographic metadata",citation-level metadata and relevance screening; no full-read claim,"bibliographic fields cross-checked against scholarly publisher, proceedings, author, or standard bibliographic metadata; relevance screened",citation only; no article text redistributed
reiter1987,"minimal explanations, complexity, and application boundary",Raymond Reiter,A Theory of Diagnosis from First Principles,Artificial Intelligence,1987,yes,,,2026-09-17,"scholarly publisher, proceedings, author, or standard bibliographic metadata",citation-level metadata and relevance screening; no full-read claim,"bibliographic fields cross-checked against scholarly publisher, proceedings, author, or standard bibliographic metadata; relevance screened",citation only; no article text redistributed
dekleer1987,"minimal explanations, complexity, and application boundary",Johan de Kleer and Brian C. Williams,Diagnosing Multiple Faults,Artificial Intelligence,1987,yes,,,2026-09-17,"scholarly publisher, proceedings, author, or standard bibliographic metadata",citation-level metadata and relevance screening; no full-read claim,"bibliographic fields cross-checked against scholarly publisher, proceedings, author, or standard bibliographic metadata; relevance screened",citation only; no article text redistributed
liffiton2008,"minimal explanations, complexity, and application boundary",Mark H. Liffiton and Karem A. Sakallah,Algorithms for Computing Minimal Unsatisfiable Subsets of Constraints,Journal of Automated Reasoning,2008,yes,,,2026-09-17,"scholarly publisher, proceedings, author, or standard bibliographic metadata",citation-level metadata and relevance screening; no full-read claim,"bibliographic fields cross-checked against scholarly publisher, proceedings, author, or standard bibliographic metadata; relevance screened",citation only; no article text redistributed
fredman1996,"minimal explanations, complexity, and application boundary",Michael L. Fredman and Leonid Khachiyan,On the Complexity of Dualization of Monotone Disjunctive Normal Forms,Journal of Algorithms,1996,yes,,,2026-09-17,"scholarly publisher, proceedings, author, or standard bibliographic metadata",citation-level metadata and relevance screening; no full-read claim,"bibliographic fields cross-checked against scholarly publisher, proceedings, author, or standard bibliographic metadata; relevance screened",citation only; no article text redistributed
karp1972,"minimal explanations, complexity, and application boundary",Richard M. Karp,Reducibility among Combinatorial Problems,Complexity of Computer Computations,1972,yes,,,2026-09-17,primary publisher record plus complete accessible publisher/author text; version differences stated where applicable,"Structured complete-text review of the complete chapter: polynomial reducibility framework, 21 problems, reductions including vertex cover, and closing discussion.",bibliographic fields cross-checked against a primary publisher/author record; complete accessible text reviewed under the exact version note,citation only; no article text redistributed
fractal2026,"minimal explanations, complexity, and application boundary",Joseph Ravichandran and Mengjia Yan,Fractal: An Operating System Designed for Microarchitecture Reverse Engineering,2026 IEEE Symposium on Security and Privacy,2026,yes,10.1109/SP63933.2026.00141,https://people.csail.mit.edu/mengjia/data/2026.SP.fractal.pdf,2026-09-17,primary publisher record plus complete accessible publisher/author text; version differences stated where applicable,"Structured complete-text review of the complete 16-page author PDF, including system design, M1 case study, limitations, and appended review material.",bibliographic fields cross-checked against a primary publisher/author record; complete accessible text reviewed under the exact version note,citation only; no article text redistributed
gold1978,active automata learning and successful discrimination,E. Mark Gold,Complexity of Automaton Identification from Given Data,Information and Control,1978,yes,10.1016/S0019-9958(78)90562-4,https://doi.org/10.1016/S0019-9958(78)90562-4,2026-09-17,"scholarly publisher, proceedings, author, or standard bibliographic metadata",Citation-level metadata and relevance screening; no complete-text claim.,"bibliographic fields cross-checked against scholarly publisher, proceedings, author, or standard bibliographic metadata; relevance screened",citation only; no article text redistributed
burch1992,"partial-information games, antichains, and equivalence",Jerry R. Burch; Edmund M. Clarke; Kenneth L. McMillan; David L. Dill; L. J. Hwang,Symbolic Model Checking: 10^20 States and Beyond,Information and Computation,1992,yes,10.1016/0890-5401(92)90017-A,https://doi.org/10.1016/0890-5401(92)90017-A,2026-09-17,primary publisher record plus complete accessible publisher/author text; version differences stated where applicable,"Structured complete-text review of the 29-page complete author manuscript: symbolic fixed points, BDD representation, algorithms, examples, limitations, and conclusion.",bibliographic fields cross-checked against a primary publisher/author record; complete accessible text reviewed under the exact version note,citation only; no article text redistributed
joyal1996,"partial-information games, antichains, and equivalence",André Joyal; Mogens Nielsen; Glynn Winskel,Bisimulation from Open Maps,Information and Computation,1996,yes,10.1006/inco.1996.0057,https://doi.org/10.1006/inco.1996.0057,2026-09-17,primary publisher record plus complete accessible publisher/author text; version differences stated where applicable,"Structured complete-text review of the 45-page complete report corresponding to the journal article: open maps, path categories, bisimulation theorem, examples, and concluding discussion.",bibliographic fields cross-checked against a primary publisher/author record; complete accessible text reviewed under the exact version note,citation only; no article text redistributed
freund1997,active automata learning and successful discrimination,Yoav Freund; Michael Kearns; Dana Ron; Ronitt Rubinfeld; Robert E. Schapire; Linda Sellie,Efficient Learning of Typical Finite Automata from Random Walks,Information and Computation,1997,yes,10.1006/inco.1997.2648,https://www.schapire.net/papers/typical-automata.pdf,2026-09-17,primary publisher record plus complete accessible publisher/author text; version differences stated where applicable,"Structured complete-text review of the 21-page author manuscript corresponding to the journal article: passive random-walk model, typical-label assumptions, algorithms, proofs, and discussion.",bibliographic fields cross-checked against a primary publisher/author record; complete accessible text reviewed under the exact version note,citation only; no article text redistributed
verwer2011,active automata learning and successful discrimination,Sicco E. Verwer; Mathijs M. de Weerdt; Cees Witteveen,The Efficiency of Identifying Timed Automata and the Power of Clocks,Information and Computation,2011,yes,10.1016/j.ic.2010.11.023,https://www.cs.ru.nl/~sicco/papers/infcomp11.pdf,2026-09-17,primary publisher record plus complete accessible publisher/author text; version differences stated where applicable,"Structured complete-text review of the 32-page author manuscript corresponding to the journal article: timed-identification model, hardness, one-clock positive result, proofs, and conclusion.",bibliographic fields cross-checked against a primary publisher/author record; complete accessible text reviewed under the exact version note,citation only; no article text redistributed
berndt2022,active automata learning and successful discrimination,Sebastian Berndt; Maciej Liśkiewicz; Matthias Lutter; Rüdiger Reischuk,Learning Residual Alternating Automata,Information and Computation,2022,yes,10.1016/j.ic.2022.104981,https://eccc.weizmann.ac.il/report/2017/046/download/,2026-09-17,primary publisher record plus complete accessible publisher/author text; version differences stated where applicable,"Structured complete-text review of the 26-page ECCC full version, cross-checked against the 2022 journal record: counterexample, AL** algorithm, residuality proofs, succinctness results, appendices, and discussion; exact journal typesetting was not available.",bibliographic fields cross-checked against a primary publisher/author record; complete accessible text reviewed under the exact version note,citation only; no article text redistributed
