name,group,reset_budget,status,depth,hypotheses,max_states,actions,observations,belief_nodes,transition_obligations,rooted_pair
schema-privilege-1,schema,,identified,3,4,5,4,2,77,394,False
schema-privilege-2,schema,,ambiguous,,4,5,2,2,8,22,True
schema-privilege-3,schema,0,ambiguous,,3,2,2,2,5,8,False
schema-privilege-4,schema,1,identified,3,3,2,2,2,13,25,False
schema-address-space-1,schema,,identified,3,4,5,4,2,77,394,False
schema-address-space-2,schema,,ambiguous,,4,5,2,2,8,22,True
schema-address-space-3,schema,0,ambiguous,,3,2,2,2,5,8,False
schema-address-space-4,schema,1,identified,3,3,2,2,2,13,25,False
schema-mapping-1,schema,,identified,3,4,5,4,2,77,394,False
schema-mapping-2,schema,,ambiguous,,4,5,2,2,8,22,True
schema-mapping-3,schema,0,ambiguous,,3,2,2,2,5,8,False
schema-mapping-4,schema,1,identified,3,3,2,2,2,13,25,False
schema-schedule-1,schema,,identified,3,4,5,4,2,77,394,False
schema-schedule-2,schema,,ambiguous,,4,5,2,2,8,22,True
schema-schedule-3,schema,0,ambiguous,,3,2,2,2,5,8,False
schema-schedule-4,schema,1,identified,3,3,2,2,2,13,25,False
graph-path-three-budget-0,generated,0,ambiguous,,5,2,3,5,9,25,False
graph-path-three-budget-1,generated,1,identified,3,5,2,3,5,25,81,False
graph-path-three-binary-budget-0,generated,0,ambiguous,,5,10,2,2,29,59,False
graph-path-three-binary-budget-1,generated,1,identified,8,5,10,2,2,131,291,False
graph-triangle-budget-0,generated,0,ambiguous,,5,2,4,5,9,33,False
graph-triangle-budget-1,generated,1,identified,3,5,2,4,5,25,105,False
graph-triangle-binary-budget-0,generated,0,ambiguous,,5,10,2,2,35,71,False
graph-triangle-binary-budget-1,generated,1,identified,8,5,10,2,2,154,347,False
graph-path-four-budget-0,generated,0,ambiguous,,6,2,4,6,12,45,False
graph-path-four-budget-1,generated,1,identified,3,6,2,4,6,33,147,False
graph-path-four-binary-budget-0,generated,0,ambiguous,,6,11,2,2,42,87,False
graph-path-four-binary-budget-1,generated,1,identified,8,6,11,2,2,211,471,False
graph-complete-four-budget-0,generated,0,ambiguous,,6,2,7,6,12,78,False
graph-complete-four-budget-1,generated,1,identified,3,6,2,7,6,33,249,False
graph-complete-four-binary-budget-0,generated,0,ambiguous,,6,15,2,2,58,125,False
graph-complete-four-binary-budget-1,generated,1,identified,10,6,15,2,2,353,806,False
threshold-3-budget-0,generated,0,ambiguous,,3,2,2,2,5,8,False
threshold-3-budget-1,generated,1,identified,3,3,2,2,2,13,25,False
threshold-5-budget-1,generated,1,ambiguous,,5,2,4,2,30,119,False
threshold-5-budget-2,generated,2,identified,5,5,2,4,2,54,231,False
threshold-9-budget-2,generated,2,ambiguous,,9,2,8,2,156,1345,False
threshold-9-budget-3,generated,3,identified,7,9,2,8,2,236,2104,False
private-pairs-2-budget-0,generated,0,ambiguous,,4,2,2,5,7,10,False
private-pairs-2-budget-1,generated,1,identified,3,4,2,2,5,16,29,False
private-pairs-3-budget-0,generated,0,ambiguous,,6,2,3,7,10,24,False
private-pairs-3-budget-1,generated,1,identified,3,6,2,3,7,23,67,False
stateful-104729-distinct-table,generated,,identified,3,4,3,2,2,41,116,False
stateful-104729-duplicate,generated,,ambiguous,,4,3,2,2,30,92,True
stateful-130363-distinct-table,generated,,identified,3,4,3,2,2,30,81,False
stateful-130363-duplicate,generated,,ambiguous,,4,3,2,2,19,49,True
stateful-155921-distinct-table,generated,,identified,3,4,3,2,2,25,70,False
stateful-155921-duplicate,generated,,ambiguous,,4,3,2,2,13,37,True
